/*
 Navicat Premium Data Transfer

 Source Server         : pola
 Source Server Type    : MySQL
 Source Server Version : 100028
 Source Host           : 192.168.2.147:3306
 Source Schema         : PMMSD

 Target Server Type    : MySQL
 Target Server Version : 100028
 File Encoding         : 65001

 Date: 28/03/2020 08:51:10
*/

SET NAMES utf8mb4;
SET FOREIGN_KEY_CHECKS = 0;

-- ----------------------------
-- Table structure for Card
-- ----------------------------
DROP TABLE IF EXISTS `Card`;
CREATE TABLE `Card`  (
  `cid` smallint(6) NOT NULL AUTO_INCREMENT COMMENT '会员卡级别编号',
  `cname` varchar(20) CHARACTER SET utf8 COLLATE utf8_bin NOT NULL COMMENT '会员卡类型名称',
  `cdiscount` double(3, 2) NULL DEFAULT 0.00 COMMENT '消费折扣',
  `cmoney` decimal(10, 4) NULL DEFAULT 0.0000 COMMENT '初始金额',
  PRIMARY KEY (`cid`) USING BTREE
) ENGINE = InnoDB AUTO_INCREMENT = 7 CHARACTER SET = utf8 COLLATE = utf8_bin ROW_FORMAT = Compact;

-- ----------------------------
-- Records of Card
-- ----------------------------
INSERT INTO `Card` VALUES (1, '白卡', 0.00, 0.0000);
INSERT INTO `Card` VALUES (2, '银卡', 0.85, 100.0000);
INSERT INTO `Card` VALUES (3, '金卡', 0.90, 500.0000);
INSERT INTO `Card` VALUES (4, '铂金卡', 0.85, 1000.0000);
INSERT INTO `Card` VALUES (5, '钻石卡', 0.00, 5000.0000);
INSERT INTO `Card` VALUES (6, '至尊卡', 0.70, 10000.0000);

-- ----------------------------
-- Table structure for Deposit
-- ----------------------------
DROP TABLE IF EXISTS `Deposit`;
CREATE TABLE `Deposit`  (
  `did` int(18) NOT NULL AUTO_INCREMENT COMMENT '流水号',
  `dmid` varchar(12) CHARACTER SET utf8 COLLATE utf8_bin NOT NULL COMMENT '会员卡号',
  `dmoney` decimal(19, 4) NOT NULL COMMENT '续费金额',
  `ddate` datetime(0) NULL DEFAULT NULL COMMENT '续费日期',
  `dremark` varchar(100) CHARACTER SET utf8 COLLATE utf8_bin NULL DEFAULT NULL COMMENT '备注',
  `dmode` tinyint(4) NULL DEFAULT NULL COMMENT '方式（0充值，1转出，2转入）',
  `dparentid` decimal(18, 0) NULL DEFAULT NULL COMMENT '父级ID\r\n',
  PRIMARY KEY (`did`) USING BTREE
) ENGINE = InnoDB AUTO_INCREMENT = 64 CHARACTER SET = utf8 COLLATE = utf8_bin ROW_FORMAT = Compact;

-- ----------------------------
-- Records of Deposit
-- ----------------------------
INSERT INTO `Deposit` VALUES (18, '100001', 100.0000, '2020-02-21 15:33:51', '', 0, 0);
INSERT INTO `Deposit` VALUES (19, '100002', 500.0000, '2020-02-21 15:33:59', '', 0, 0);
INSERT INTO `Deposit` VALUES (20, '100003', 1000.0000, '2020-02-21 15:34:18', '', 0, 0);
INSERT INTO `Deposit` VALUES (21, '100004', 5000.0000, '2020-02-21 15:34:31', '', 0, 0);
INSERT INTO `Deposit` VALUES (22, '100005', 10000.0000, '2020-02-21 15:34:39', '', 0, 0);
INSERT INTO `Deposit` VALUES (23, '100007', 100.0000, '2020-02-21 15:37:06', '', 0, 0);
INSERT INTO `Deposit` VALUES (24, '100008', 500.0000, '2020-02-21 15:37:13', '', 0, 0);
INSERT INTO `Deposit` VALUES (25, '100009', 1000.0000, '2020-02-21 15:37:21', '', 0, 0);
INSERT INTO `Deposit` VALUES (26, '100010', 5000.0000, '2020-02-21 15:37:30', '', 0, 0);
INSERT INTO `Deposit` VALUES (27, '100011', 10000.0000, '2020-02-21 15:37:38', '', 0, 0);
INSERT INTO `Deposit` VALUES (28, '100000', 100.0000, '2020-02-21 15:37:59', '', 0, 0);
INSERT INTO `Deposit` VALUES (29, '100012', 100.0000, '2020-02-21 15:38:16', '', 0, 0);
INSERT INTO `Deposit` VALUES (30, '100013', 3000.0000, '2020-02-21 15:38:26', '', 0, 0);
INSERT INTO `Deposit` VALUES (31, '100014', 100000.0000, '2020-02-21 15:38:35', '', 0, 0);
INSERT INTO `Deposit` VALUES (32, '100015', 1000000.0000, '2020-02-21 15:38:47', '', 0, 0);
INSERT INTO `Deposit` VALUES (33, '100000', 2010.0000, '2020-02-21 15:49:26', '[现金+余额]现金：2010.00；刷卡：90.00；消费单号：20200221154846000002', 0, 0);
INSERT INTO `Deposit` VALUES (34, '100001', 1690.0000, '2020-02-21 15:52:30', '[现金+余额]现金：1690.00；刷卡：100.00；消费单号：20200221155213000001', 0, 0);
INSERT INTO `Deposit` VALUES (35, '100000', 10000.0000, '2020-02-22 13:27:58', '', 0, 0);
INSERT INTO `Deposit` VALUES (36, '100080', 100000.0000, '2020-02-22 13:31:27', '', 0, 0);
INSERT INTO `Deposit` VALUES (37, '100000', 100.0000, '2020-02-26 13:26:36', '', 0, 0);
INSERT INTO `Deposit` VALUES (38, '100001', 100.0000, '2020-02-26 13:26:48', '', 0, 0);
INSERT INTO `Deposit` VALUES (39, '100079', 100.0000, '2020-02-26 13:39:23', '', 0, 0);
INSERT INTO `Deposit` VALUES (42, '100002', 6690.0000, '2020-02-26 17:08:25', '[现金+余额]现金：6690.00；刷卡：200.00；消费单号：20200226170801000001', 0, 0);
INSERT INTO `Deposit` VALUES (43, '100002', 10000.0000, '2020-02-26 17:10:30', '', 0, 0);
INSERT INTO `Deposit` VALUES (44, '100002', 100.0000, '2020-02-26 17:10:30', '活动：充10000元，送100元', 3, 43);
INSERT INTO `Deposit` VALUES (47, '100000', -10110.0000, '2020-02-27 07:42:00', NULL, 4, 0);
INSERT INTO `Deposit` VALUES (48, '100001', -100.0000, '2020-02-27 07:43:15', NULL, 4, 0);
INSERT INTO `Deposit` VALUES (49, '100002', -11900.0000, '2020-02-27 07:45:22', NULL, 4, 0);
INSERT INTO `Deposit` VALUES (54, '100003', -10.0000, '2020-02-27 09:27:56', '余额转账：转入到卡号100004', 1, 0);
INSERT INTO `Deposit` VALUES (55, '100004', 10.0000, '2020-02-27 09:27:56', '余额转账：从卡号100003转出', 2, 0);
INSERT INTO `Deposit` VALUES (57, '100004', -1010.0000, '2020-02-27 09:39:48', '换卡：转出到新卡号100079', 1, 0);
INSERT INTO `Deposit` VALUES (58, '100079', 1010.0000, '2020-02-27 09:39:48', '换卡：从旧卡号100004转入', 2, 0);
INSERT INTO `Deposit` VALUES (59, '100005', -1610.0000, '2020-02-27 09:54:37', '换卡：转出到新卡号100080', 1, 0);
INSERT INTO `Deposit` VALUES (60, '100080', 1610.0000, '2020-02-27 09:54:37', '换卡：从旧卡号100005转入', 2, 0);
INSERT INTO `Deposit` VALUES (61, '2020032501', 10000.0000, '2020-03-25 14:15:33', '', 0, 0);
INSERT INTO `Deposit` VALUES (62, '100012', 1969.0000, '2020-03-25 14:39:53', '[现金+余额]现金：1969.00；刷卡：31.00；消费单号：20200325143924000003', 0, 0);
INSERT INTO `Deposit` VALUES (63, '100009', 5900.0000, '2020-03-25 17:32:26', '[现金+余额]现金：5900.0000；刷卡：5100；消费单号：20200325173155000001', 0, 0);

-- ----------------------------
-- Table structure for Emp_Money
-- ----------------------------
DROP TABLE IF EXISTS `Emp_Money`;
CREATE TABLE `Emp_Money`  (
  `emid` int(18) NOT NULL AUTO_INCREMENT COMMENT '编号',
  `emmoney` decimal(19, 4) NULL DEFAULT NULL COMMENT '奖扣金额',
  `emtype` tinyint(4) NULL DEFAULT NULL COMMENT '类型：1奖，0扣',
  `emremark` text CHARACTER SET utf8 COLLATE utf8_bin NULL COMMENT '说明原由',
  `emtime` datetime(0) NULL DEFAULT NULL COMMENT '时间',
  `empid` int(11) NULL DEFAULT NULL COMMENT '\r\n员工编号',
  PRIMARY KEY (`emid`) USING BTREE
) ENGINE = InnoDB AUTO_INCREMENT = 13 CHARACTER SET = utf8 COLLATE = utf8_bin ROW_FORMAT = Compact;

-- ----------------------------
-- Records of Emp_Money
-- ----------------------------
INSERT INTO `Emp_Money` VALUES (1, 10.0000, 0, '迟到', '2020-02-22 10:47:16', 1);
INSERT INTO `Emp_Money` VALUES (2, 100.0000, 1, '会员办卡', '2020-02-20 10:47:35', 1);
INSERT INTO `Emp_Money` VALUES (3, 100.0000, 1, '', '2020-02-23 14:24:19', 7);
INSERT INTO `Emp_Money` VALUES (4, 100.0000, 0, '迟到', '2020-03-25 14:53:29', 2);
INSERT INTO `Emp_Money` VALUES (5, 10.0000, 1, '表现好', '2020-03-25 14:53:41', 2);
INSERT INTO `Emp_Money` VALUES (6, 120.0000, 0, '迟到', '2020-03-26 18:35:25', 2);
INSERT INTO `Emp_Money` VALUES (7, 130.0000, 1, '客户好评', '2020-03-26 18:35:37', 2);
INSERT INTO `Emp_Money` VALUES (8, 120.0000, 1, '好评', '2020-03-26 18:40:14', 4);
INSERT INTO `Emp_Money` VALUES (9, 12.0000, 0, '', '2020-03-26 18:40:49', 5);
INSERT INTO `Emp_Money` VALUES (10, 13.0000, 0, '', '2020-03-26 18:40:55', 5);
INSERT INTO `Emp_Money` VALUES (11, 15.0000, 0, '', '2020-03-26 18:41:03', 12);
INSERT INTO `Emp_Money` VALUES (12, 16.0000, 0, '', '2020-03-26 18:41:11', 18);

-- ----------------------------
-- Table structure for Employee
-- ----------------------------
DROP TABLE IF EXISTS `Employee`;
CREATE TABLE `Employee`  (
  `eid` int(11) NOT NULL AUTO_INCREMENT COMMENT '员工标识',
  `ecode` tinyint(4) NULL DEFAULT NULL COMMENT '工号',
  `ename` varchar(30) CHARACTER SET utf8 COLLATE utf8_bin NULL DEFAULT NULL COMMENT '员工姓名',
  `esex` tinyint(4) NULL DEFAULT NULL COMMENT '性别',
  `ephone` varchar(15) CHARACTER SET utf8 COLLATE utf8_bin NULL DEFAULT NULL COMMENT '联系电话',
  `epid` int(11) NULL DEFAULT NULL COMMENT '职位',
  `esalary` decimal(19, 4) NULL DEFAULT NULL COMMENT '底薪',
  `ebonus` double NULL DEFAULT NULL COMMENT '提成',
  `einput` varchar(10) CHARACTER SET utf8 COLLATE utf8_bin NULL DEFAULT NULL COMMENT '入职日期',
  `eoutput` varchar(10) CHARACTER SET utf8 COLLATE utf8_bin NULL DEFAULT NULL COMMENT '离职日期',
  `estatus` tinyint(4) NULL DEFAULT NULL COMMENT '员工状态',
  `epassword` varchar(32) CHARACTER SET utf8 COLLATE utf8_bin NULL DEFAULT NULL COMMENT '登录密码',
  `eremark` text CHARACTER SET utf8 COLLATE utf8_bin NULL COMMENT '备注',
  `eaddress` varchar(100) CHARACTER SET utf8 COLLATE utf8_bin NULL DEFAULT NULL COMMENT '联系地址',
  `ecard` varchar(18) CHARACTER SET utf8 COLLATE utf8_bin NULL DEFAULT NULL COMMENT '身份证号码',
  `emobile` varchar(11) CHARACTER SET utf8 COLLATE utf8_bin NULL DEFAULT NULL COMMENT '手机',
  PRIMARY KEY (`eid`) USING BTREE
) ENGINE = InnoDB AUTO_INCREMENT = 21 CHARACTER SET = utf8 COLLATE = utf8_bin ROW_FORMAT = Compact;

-- ----------------------------
-- Records of Employee
-- ----------------------------
INSERT INTO `Employee` VALUES (3, 3, '姚进丁', 1, '17660617649', 1, 5000.0000, 0, '2020/2/21', NULL, 0, NULL, NULL, '山东省青岛市', '513436200002217024', '17660617649');
INSERT INTO `Employee` VALUES (4, 4, '邹电', 1, '17667909757', 2, 2000.0000, 0, '2020/2/20', NULL, 0, NULL, NULL, '山东省青岛市', '513436200002211008', '17667909757');
INSERT INTO `Employee` VALUES (5, 5, '段文', 1, '17653254130', 2, 2000.0000, 0, '2020/2/21', NULL, 1, NULL, NULL, '山东省青岛市', '51343620000221748X', '17653254130');
INSERT INTO `Employee` VALUES (6, 6, '吕国楼', 1, '15610543498', 2, 2000.0000, 0, '2020/2/22', NULL, 1, NULL, NULL, '山东省青岛市', '51343620000221588X', '15610543498');
INSERT INTO `Employee` VALUES (7, 7, '方文顶', 1, '14535248094', 2, 2000.0000, 0, '2020/2/23', NULL, 1, NULL, NULL, '山东省青岛市', '513436200002219008', '14535248094');
INSERT INTO `Employee` VALUES (8, 8, '邵桂', 1, '15634201271', 2, 2000.0000, 0, '2020/2/24', NULL, 0, NULL, NULL, '山东省青岛市', '51343620000221844X', '15634201271');
INSERT INTO `Employee` VALUES (9, 9, '万猛恒', 1, '18564131968', 2, 2000.0000, 0, '2020/2/25', NULL, 2, NULL, NULL, '山东省青岛市', '513436200002219008', '18564131968');
INSERT INTO `Employee` VALUES (10, 10, '崔洪东', 1, '14584629453', 2, 2000.0000, 0, '2020/2/26', NULL, 2, NULL, NULL, '山东省青岛市', '513436200002216000', '14584629453');
INSERT INTO `Employee` VALUES (11, 11, '熊境燕', 1, '15621491944', 2, 2000.0000, 0, '2020/2/27', NULL, 2, NULL, NULL, '山东省青岛市', '51343620000221916X', '15621491944');
INSERT INTO `Employee` VALUES (12, 12, '郭英福', 1, '13165047560', 2, 2000.0000, 0, '2020/2/28', NULL, 1, NULL, NULL, '山东省青岛市', '513436200002214976', '13165047560');
INSERT INTO `Employee` VALUES (13, 13, '钟春', 1, '17605429541', 2, 2000.0000, 0, '2020/2/29', NULL, 2, NULL, NULL, '山东省青岛市', '513436200002211968', '17605429541');
INSERT INTO `Employee` VALUES (14, 14, '龚梦晓', 1, '13001696042', 2, 2000.0000, 0, '2020/2/10', NULL, 1, NULL, NULL, '山东省青岛市', '513436200002214976', '13001696042');
INSERT INTO `Employee` VALUES (15, 15, '康宝', 1, '18562721676', 2, 2000.0000, 0, '2020/2/11', NULL, 2, NULL, NULL, '山东省青岛市', '513436200002216000', '18562721676');
INSERT INTO `Employee` VALUES (16, 16, '秦瑞', 1, '14535225509', 2, 2000.0000, 0, '2020/2/20', NULL, 0, NULL, NULL, '山东省青岛市', '513436199807134016', '14535225509');
INSERT INTO `Employee` VALUES (17, 17, '李辛特', 1, '13105166347', 2, 2000.0000, 0, '2020/2/21', NULL, 2, NULL, NULL, '山东省青岛市', '513436199807134976', '13105166347');
INSERT INTO `Employee` VALUES (18, 18, '常庆红', 1, '17669751329', 2, 2000.0000, 0, '2020/2/22', NULL, 1, NULL, NULL, '山东省青岛市', '513436200002214976', '17669751329');
INSERT INTO `Employee` VALUES (19, 19, '曾浪客', 1, '15554225591', 2, 2000.0000, 0, '2020/2/23', NULL, 2, NULL, NULL, '山东省青岛市', '51343620000221764X', '15554225591');
INSERT INTO `Employee` VALUES (20, 20, '康冬世', 1, '17660617649', 2, 2000.0000, 0, '2020/2/24', NULL, 0, NULL, NULL, '山东省青岛市', '513436200002217024', '17660617649');

-- ----------------------------
-- Table structure for Items
-- ----------------------------
DROP TABLE IF EXISTS `Items`;
CREATE TABLE `Items`  (
  `iid` int(11) NOT NULL AUTO_INCREMENT COMMENT '商品编号',
  `iname` varchar(30) CHARACTER SET utf8 COLLATE utf8_general_ci NULL DEFAULT NULL COMMENT '商品名称',
  `ifprice` decimal(10, 4) NULL DEFAULT NULL COMMENT '进货单价',
  `iuprice` decimal(10, 4) NULL DEFAULT NULL COMMENT '预售单价',
  `inprice` decimal(10, 4) NULL DEFAULT NULL COMMENT '次数单价',
  `iamount` smallint(6) NULL DEFAULT NULL COMMENT '库存数量',
  `imoney` decimal(10, 4) NULL DEFAULT NULL COMMENT '提成金额',
  `icmoney` decimal(10, 4) NULL DEFAULT NULL COMMENT '点牌提成',
  `itype` tinyint(4) NULL DEFAULT NULL COMMENT '所属类型，0美容，1美甲，2手护，3脚护， 4睫毛， 5护肤品， 6其他',
  `iconvert` int(11) NULL DEFAULT NULL COMMENT '积分使用',
  `ireadme` text CHARACTER SET utf8 COLLATE utf8_general_ci NULL COMMENT '说明',
  `istatus` tinyint(4) NULL DEFAULT NULL COMMENT '状态，0可用，1下架',
  `isbonus` tinyint(4) NULL DEFAULT NULL COMMENT '商品不打折，0否，1是',
  `isticheng` tinyint(4) NULL DEFAULT NULL COMMENT '商品不计提成，0否，1是',
  PRIMARY KEY (`iid`) USING BTREE
) ENGINE = InnoDB AUTO_INCREMENT = 48 CHARACTER SET = utf8 COLLATE = utf8_general_ci ROW_FORMAT = Compact;

-- ----------------------------
-- Records of Items
-- ----------------------------
INSERT INTO `Items` VALUES (1, '黑BA温感石膏', 0.0000, 1100.0000, 0.0000, 24, 0.0000, 0.0000, 0, 100, '', 0, 0, 0);
INSERT INTO `Items` VALUES (2, '黑BA美白高保湿', 0.0000, 1100.0000, 0.0000, 1, 0.0000, 0.0000, 0, 0, '', 0, 0, 0);
INSERT INTO `Items` VALUES (3, 'APEX温感（粉）', 0.0000, 790.0000, 0.0000, 13, 0.0000, 0.0000, 0, 0, '', 0, 0, 0);
INSERT INTO `Items` VALUES (4, 'APEX补水（蓝）', 0.0000, 790.0000, 0.0000, 18, 0.0000, 0.0000, 0, 0, '', 0, 0, 0);
INSERT INTO `Items` VALUES (5, 'APEX敏感修复（黄）', 0.0000, 790.0000, 0.0000, 10, 0.0000, 0.0000, 0, 0, '', 0, 0, 0);
INSERT INTO `Items` VALUES (6, 'APEX祛痘（绿）', 0.0000, 790.0000, 0.0000, 18, 0.0000, 0.0000, 0, 0, '', 0, 0, 0);
INSERT INTO `Items` VALUES (7, '极光幻彩精华', 0.0000, 1550.0000, 0.0000, 0, 0.0000, 0.0000, 0, 0, '', 0, 0, 0);
INSERT INTO `Items` VALUES (8, '光耀V', 0.0000, 1730.0000, 0.0000, 5, 0.0000, 0.0000, 0, 0, '一套没有酵素', 0, 0, 0);
INSERT INTO `Items` VALUES (9, '胸部护理', 0.0000, 588.0000, 0.0000, 12, 0.0000, 0.0000, 0, 0, '', 0, 0, 0);
INSERT INTO `Items` VALUES (10, '酵素清洁', 0.0000, 150.0000, 0.0000, 0, 0.0000, 0.0000, 0, 0, '', 0, 0, 0);
INSERT INTO `Items` VALUES (11, 'T区清洁（绿）', 0.0000, 150.0000, 0.0000, 11, 7.5000, 0.0000, 0, 0, '', 0, 0, 0);
INSERT INTO `Items` VALUES (12, '薇姿美白面膜（单帖）', 0.0000, 498.0000, 0.0000, 3, 0.0000, 0.0000, 0, 0, '', 0, 0, 0);
INSERT INTO `Items` VALUES (13, '古诗奥手部护理', 0.0000, 298.0000, 0.0000, 99, 0.0000, 0.0000, 2, 0, '', 0, 0, 0);
INSERT INTO `Items` VALUES (14, '古诗奥脚部护理', 0.0000, 398.0000, 0.0000, 99, 0.0000, 0.0000, 3, 0, '', 0, 0, 0);
INSERT INTO `Items` VALUES (15, 'Misseyedor睫毛棕色', 0.0000, 528.0000, 0.0000, 99, 0.0000, 0.0000, 4, 0, '', 0, 0, 0);
INSERT INTO `Items` VALUES (16, 'Misseyedor睫毛黑色', 0.0000, 498.0000, 0.0000, 99, 0.0000, 0.0000, 4, 0, '', 0, 0, 0);
INSERT INTO `Items` VALUES (17, '婴儿弯黑色', 0.0000, 398.0000, 0.0000, 99, 0.0000, 0.0000, 4, 0, '', 0, 0, 0);
INSERT INTO `Items` VALUES (18, '婴儿弯棕色', 0.0000, 398.0000, 0.0000, 99, 0.0000, 0.0000, 4, 0, '', 0, 0, 0);
INSERT INTO `Items` VALUES (19, '山茶花黑色', 0.0000, 468.0000, 0.0000, 99, 0.0000, 0.0000, 4, 0, '', 0, 0, 0);
INSERT INTO `Items` VALUES (20, '空气睫毛黑色', 0.0000, 398.0000, 0.0000, 99, 0.0000, 0.0000, 4, 0, '', 0, 0, 0);
INSERT INTO `Items` VALUES (21, 'kiss睫毛棕色', 0.0000, 468.0000, 0.0000, 99, 0.0000, 0.0000, 4, 0, '', 0, 0, 0);
INSERT INTO `Items` VALUES (22, '空气下睫毛', 0.0000, 198.0000, 0.0000, 99, 0.0000, 0.0000, 4, 0, '', 0, 0, 0);
INSERT INTO `Items` VALUES (23, 'PDC美白背部', 0.0000, 398.0000, 0.0000, 99, 0.0000, 0.0000, 6, 0, '', 0, 0, 0);
INSERT INTO `Items` VALUES (24, 'PDC美白肩颈', 0.0000, 198.0000, 0.0000, 99, 0.0000, 0.0000, 6, 0, '', 0, 0, 0);
INSERT INTO `Items` VALUES (25, 'PDC美白胳膊', 0.0000, 198.0000, 0.0000, 99, 0.0000, 0.0000, 6, 0, '', 0, 0, 0);
INSERT INTO `Items` VALUES (26, 'PDC美白腿部', 0.0000, 298.0000, 0.0000, 99, 0.0000, 0.0000, 6, 0, '', 0, 0, 0);
INSERT INTO `Items` VALUES (27, 'PDC美白全身', 0.0000, 798.0000, 0.0000, 99, 0.0000, 0.0000, 6, 0, '', 0, 0, 0);
INSERT INTO `Items` VALUES (28, '睫毛三次卡', 0.0000, 999.0000, 0.0000, 99, 0.0000, 0.0000, 4, 0, '', 0, 1, 0);
INSERT INTO `Items` VALUES (29, 'PDC全身美白三次卡', 0.0000, 2099.0000, 0.0000, 99, 0.0000, 0.0000, 0, 0, '', 0, 1, 0);
INSERT INTO `Items` VALUES (30, 'PDC胳膊美白三次卡', 0.0000, 450.0000, 0.0000, 99, 0.0000, 0.0000, 0, 0, '', 0, 1, 0);
INSERT INTO `Items` VALUES (31, 'PDC背部美白三次卡', 0.0000, 999.0000, 0.0000, 99, 0.0000, 0.0000, 0, 0, '', 0, 1, 0);
INSERT INTO `Items` VALUES (32, 'PDC肩颈美白三次卡', 0.0000, 450.0000, 0.0000, 99, 0.0000, 0.0000, 0, 0, '', 0, 1, 0);
INSERT INTO `Items` VALUES (33, 'PDC腿部美白三次卡', 0.0000, 766.0000, 0.0000, 99, 0.0000, 0.0000, 0, 0, '', 0, 1, 0);
INSERT INTO `Items` VALUES (34, '黑BA洁面', 0.0000, 708.0000, 0.0000, 10, 0.0000, 0.0000, 5, 0, '', 0, 1, 0);
INSERT INTO `Items` VALUES (35, '抗皱精华20g', 0.0000, 929.0000, 0.0000, 10, 0.0000, 0.0000, 5, 0, '', 0, 1, 0);
INSERT INTO `Items` VALUES (36, '金梨面霜50g', 0.0000, 3778.0000, 0.0000, 10, 0.0000, 0.0000, 5, 0, '', 0, 1, 0);
INSERT INTO `Items` VALUES (37, '兔胶手', 0.0000, 298.0000, 0.0000, 0, 0.0000, 0.0000, 1, 0, '', 0, 0, 0);
INSERT INTO `Items` VALUES (38, '黑BA系列三次卡', 0.0000, 3300.0000, 0.0000, 0, 0.0000, 0.0000, 0, 0, '', 0, 0, 0);
INSERT INTO `Items` VALUES (39, '黑BA系列六次卡', 0.0000, 6600.0000, 0.0000, 0, 0.0000, 0.0000, 0, 0, '', 0, 0, 0);
INSERT INTO `Items` VALUES (40, 'APEX系列三次卡', 0.0000, 2350.0000, 0.0000, 0, 0.0000, 0.0000, 0, 0, '', 0, 0, 0);
INSERT INTO `Items` VALUES (41, 'APEX系列六次卡', 0.0000, 4600.0000, 0.0000, 0, 0.0000, 0.0000, 0, 0, '', 0, 0, 0);
INSERT INTO `Items` VALUES (42, '极光幻彩精华系列三次卡', 0.0000, 4600.0000, 0.0000, 0, 0.0000, 0.0000, 0, 0, '', 0, 0, 0);
INSERT INTO `Items` VALUES (43, '极光幻彩精华系列', 0.0000, 9200.0000, 0.0000, 0, 0.0000, 0.0000, 0, 0, '', 0, 0, 0);
INSERT INTO `Items` VALUES (44, '光耀V系列三次卡', 0.0000, 5100.0000, 0.0000, 0, 0.0000, 0.0000, 0, 0, '', 0, 0, 0);
INSERT INTO `Items` VALUES (45, '光耀V系列六次卡', 0.0000, 10000.0000, 0.0000, 0, 0.0000, 0.0000, 0, 0, '', 0, 0, 0);
INSERT INTO `Items` VALUES (46, '123', 100.0000, 150.0000, 0.0000, 12, NULL, NULL, 5, 0, '', 0, NULL, NULL);
INSERT INTO `Items` VALUES (47, '1234', 1.0000, 2.0000, 2.0000, 10, NULL, NULL, 6, 0, '', 0, NULL, NULL);

-- ----------------------------
-- Table structure for Member
-- ----------------------------
DROP TABLE IF EXISTS `Member`;
CREATE TABLE `Member`  (
  `mid` varchar(12) CHARACTER SET utf8 COLLATE utf8_bin NOT NULL COMMENT '会员卡号\r\n\r\n',
  `mname` varchar(30) CHARACTER SET utf8 COLLATE utf8_bin NULL DEFAULT NULL COMMENT '会员姓名',
  `mstatus` tinyint(4) NULL DEFAULT NULL COMMENT '当前状态, 0可用，1不可用',
  `mcid` int(11) NULL DEFAULT NULL COMMENT '会员等级',
  `mpass` varchar(32) CHARACTER SET utf8 COLLATE utf8_bin NULL DEFAULT NULL COMMENT '会员密码',
  `mremark` text CHARACTER SET utf8 COLLATE utf8_bin NULL COMMENT '备注',
  `msex` tinyint(4) NULL DEFAULT NULL COMMENT '会员性别',
  `mmonth` tinyint(4) NULL DEFAULT NULL COMMENT '出生日期，月',
  `mday` tinyint(4) NULL DEFAULT NULL COMMENT '出生日期，日',
  `mphone` varchar(13) CHARACTER SET utf8 COLLATE utf8_bin NULL DEFAULT NULL COMMENT '联系电话',
  `maddress` varchar(100) CHARACTER SET utf8 COLLATE utf8_bin NULL DEFAULT NULL COMMENT '联系地址',
  `mother` text CHARACTER SET utf8 COLLATE utf8_bin NULL COMMENT '其它信息',
  `mjoin` varchar(255) CHARACTER SET utf8 COLLATE utf8_bin NULL DEFAULT NULL COMMENT '加入日期',
  `midcard` varchar(20) CHARACTER SET utf8 COLLATE utf8_bin NULL DEFAULT NULL COMMENT '身份证号码',
  `mbalance` decimal(19, 4) NULL DEFAULT NULL COMMENT '余额，默认为0',
  `mpoint` int(11) NULL DEFAULT NULL COMMENT '积分，默认为0',
  `mlastime` varchar(255) CHARACTER SET utf8 COLLATE utf8_bin NULL DEFAULT NULL COMMENT '最后光临时间',
  PRIMARY KEY (`mid`) USING BTREE
) ENGINE = InnoDB CHARACTER SET = utf8 COLLATE = utf8_bin ROW_FORMAT = Compact;

-- ----------------------------
-- Records of Member
-- ----------------------------
INSERT INTO `Member` VALUES ('100000', '曹鹤', 1, 1, 'CFCD208495D565EF66E7DFF9F98764DA', '', 0, 5, 1, '17669751329', '山东省济南市', '', '2020/2/21', '513436200002214976', 0.0000, 0, '2020/2/21 15:49:26');
INSERT INTO `Member` VALUES ('100001', '黎婷妮', 1, 2, 'CFCD208495D565EF66E7DFF9F98765DA', '', 0, 5, 1, '15554225591', '山东省青岛市', NULL, '2020/2/21', '51343620000221764X', 0.0000, 0, '2020/2/21 15:52:30');
INSERT INTO `Member` VALUES ('100002', '覃花梧', 1, 3, 'CFCD208495D565EF66E7DFF9F98766DA', '', 0, 5, 1, '17660617649', '山东省青岛市', NULL, '2020/2/21', '513436200002217024', 0.0000, 0, '2020/2/26 17:08:25');
INSERT INTO `Member` VALUES ('100003', '王旋喜', 1, 4, 'CFCD208495D565EF66E7DFF9F98764DA', '', 0, 5, 1, '17667909751', '山东省青岛市', '', '2020/2/21', '513436200002211008', 990.0000, 0, '2020/2/21 12:27:57');
INSERT INTO `Member` VALUES ('100004', '刘蕾立', 1, 5, 'CFCD208495D565EF66E7DFF9F98764DA', '换卡：新卡号100079', 0, 5, 1, '17653254130', '北京市朝阳区', '', '2020/2/21', '51343620000221748X', 1010.0000, 0, '2020/2/21 12:27:57');
INSERT INTO `Member` VALUES ('100005', '常骏纪', 1, 6, 'CFCD208495D565EF66E7DFF9F98769DA', '换卡：新卡号100080', 0, 5, 1, '15610543498', '山东省青岛市', NULL, '2020/2/21', '51343620000221588X', 0.0000, 0, '2020/2/21 16:13:45');
INSERT INTO `Member` VALUES ('100007', '徐楚', 0, 2, 'CFCD208495D565EF66E7DFF9F98764DA', '', 0, 2, 21, '15634201271', '山东省青岛市', '', '2020/2/21', '51343620000221844X', 90.0000, 0, '2020/2/21 12:27:57');
INSERT INTO `Member` VALUES ('100008', '田媚可', 0, 3, 'CFCD208495D565EF66E7DFF9F98772DA', NULL, 0, 5, 1, '18564131968', '山东省青岛市', NULL, '2020/2/21', '513436200002219008', 110.0000, 0, '2020/2/21 12:27:57');
INSERT INTO `Member` VALUES ('100009', '曾迪太', 0, 4, 'CFCD208495D565EF66E7DFF9F98773DA', NULL, 0, 5, 1, '14584629453', '山东省青岛市', NULL, '2020/2/21', '513436200002216000', 900.0000, 0, '2020/3/25 17:32:26');
INSERT INTO `Member` VALUES ('100010', '姜谦天', 0, 5, 'CFCD208495D565EF66E7DFF9F98774DA', NULL, 0, 5, 1, '15621491944', '山东省青岛市', NULL, '2020/2/21', '51343620000221916X', 4900.0000, 0, '2020/2/21 12:27:57');
INSERT INTO `Member` VALUES ('100011', '白兰曲', 0, 6, 'CFCD208495D565EF66E7DFF9F98775DA', NULL, 0, 5, 1, '13165047560', '山东省青岛市', NULL, '2020/2/21', '513436200002214976', 10000.0000, 0, '2020/2/21 12:27:57');
INSERT INTO `Member` VALUES ('100012', '尹芒黄', 0, 1, 'CFCD208495D565EF66E7DFF9F98776DA', NULL, 0, 5, 1, '17605429541', '山东省青岛市', NULL, '2020/2/21', '513436200002211968', 1069.0000, 0, '2020/3/25 14:39:53');
INSERT INTO `Member` VALUES ('100013', '孔雉', 0, 2, 'CFCD208495D565EF66E7DFF9F98777DA', NULL, 0, 5, 1, '13001696042', '山东省青岛市', NULL, '2020/2/21', '513436200002214976', 3000.0000, 0, '2020/2/21 12:27:57');
INSERT INTO `Member` VALUES ('100014', '赵满利', 0, 3, 'CFCD208495D565EF66E7DFF9F98778DA', NULL, 0, 5, 1, '18562721676', '山东省青岛市', NULL, '2020/2/21', '513436200002216000', 100000.0000, 0, '2020/2/21 12:27:57');
INSERT INTO `Member` VALUES ('100015', '于乐庆', 0, 4, 'CFCD208495D565EF66E7DFF9F98779DA', NULL, 0, 5, 1, '14535225509', '山东省青岛市', NULL, '2020/2/21', '513436199807134016', 825714.0000, 0, '2020/3/25 17:36:12');
INSERT INTO `Member` VALUES ('100016', '范征福', 0, 5, 'CFCD208495D565EF66E7DFF9F98780DA', NULL, 0, 7, 13, '13105166347', '山东省青岛市', NULL, '2020/2/21', '513436199807134976', 0.0000, 0, '2020/2/21 12:27:57');
INSERT INTO `Member` VALUES ('100017', '彭贝虹', 0, 6, 'CFCD208495D565EF66E7DFF9F98781DA', NULL, 0, 7, 13, '17669751329', '山东省青岛市', NULL, '2020/2/21', '513436200002214976', 0.0000, 0, '2020/2/21 12:27:57');
INSERT INTO `Member` VALUES ('100018', '胡毅睿', 0, 1, 'CFCD208495D565EF66E7DFF9F98782DA', NULL, 0, 7, 13, '15554225591', '山东省青岛市', NULL, '2020/2/21', '51343620000221764X', 0.0000, 0, '2020/2/21 12:27:57');
INSERT INTO `Member` VALUES ('100019', '冯棋', 0, 2, 'CFCD208495D565EF66E7DFF9F98783DA', NULL, 0, 7, 13, '17660617649', '山东省青岛市', NULL, '2020/2/21', '513436200002217024', 0.0000, 0, '2020/2/21 12:27:57');
INSERT INTO `Member` VALUES ('100020', '田日绮', 0, 3, 'CFCD208495D565EF66E7DFF9F98784DA', NULL, 0, 7, 13, '17667909757', '山东省青岛市', NULL, '2020/2/21', '513436200002211008', 0.0000, 0, '2020/2/21 12:27:57');
INSERT INTO `Member` VALUES ('100021', '刘十', 0, 4, 'CFCD208495D565EF66E7DFF9F98785DA', NULL, 0, 7, 13, '17653254130', '山东省青岛市', NULL, '2020/2/21', '51343620000221748X', 0.0000, 0, '2020/2/21 12:27:57');
INSERT INTO `Member` VALUES ('100022', '姚建', 0, 5, 'CFCD208495D565EF66E7DFF9F98786DA', NULL, 0, 7, 13, '15610543498', '山东省青岛市', NULL, '2020/2/21', '51343620000221588X', 0.0000, 0, '2020/2/21 12:27:57');
INSERT INTO `Member` VALUES ('100023', '唐礼之', 0, 6, 'CFCD208495D565EF66E7DFF9F98787DA', NULL, 0, 7, 13, '14535248094', '山东省青岛市', NULL, '2020/2/21', '513436200002219008', 0.0000, 0, '2020/2/21 12:27:57');
INSERT INTO `Member` VALUES ('100024', '侯淑贞', 0, 1, 'CFCD208495D565EF66E7DFF9F98788DA', NULL, 0, 7, 13, '15634201271', '山东省青岛市', NULL, '2020/2/21', '51343620000221844X', 0.0000, 0, '2020/2/21 12:27:57');
INSERT INTO `Member` VALUES ('100025', '施庆令', 0, 2, 'CFCD208495D565EF66E7DFF9F98789DA', NULL, 0, 7, 13, '18564131968', '山东省青岛市', NULL, '2020/2/21', '513436200002219008', 0.0000, 0, '2020/2/21 12:27:57');
INSERT INTO `Member` VALUES ('100026', '郑艳安', 0, 3, 'CFCD208495D565EF66E7DFF9F98790DA', NULL, 0, 7, 13, '14584629453', '山东省青岛市', NULL, '2020/2/21', '513436200002216000', 0.0000, 0, '2020/2/21 12:27:57');
INSERT INTO `Member` VALUES ('100027', '周如优', 0, 4, 'CFCD208495D565EF66E7DFF9F98791DA', NULL, 0, 7, 13, '15621491944', '山东省青岛市', NULL, '2020/2/21', '51343620000221916X', 0.0000, 0, '2020/2/21 12:27:57');
INSERT INTO `Member` VALUES ('100028', '田璇笛', 0, 5, 'CFCD208495D565EF66E7DFF9F98792DA', NULL, 0, 7, 13, '13165047560', '山东省青岛市', NULL, '2020/2/21', '513436200002214976', 0.0000, 0, '2020/2/21 12:27:57');
INSERT INTO `Member` VALUES ('100029', '贺陶精', 0, 6, 'CFCD208495D565EF66E7DFF9F98793DA', NULL, 0, 7, 13, '17605429541', '山东省青岛市', NULL, '2020/2/21', '513436200002211968', 0.0000, 0, '2020/2/21 12:27:57');
INSERT INTO `Member` VALUES ('100030', '杨圆宾', 0, 1, 'CFCD208495D565EF66E7DFF9F98794DA', NULL, 0, 7, 13, '13001696042', '山东省青岛市', NULL, '2020/2/21', '513436200002214976', 0.0000, 0, '2020/2/21 12:27:57');
INSERT INTO `Member` VALUES ('100031', '江遇阁', 0, 2, 'CFCD208495D565EF66E7DFF9F98795DA', NULL, 0, 7, 13, '18562721676', '山东省青岛市', NULL, '2020/2/21', '513436200002216000', 0.0000, 0, '2020/2/21 12:27:57');
INSERT INTO `Member` VALUES ('100032', '潘语海', 0, 3, 'CFCD208495D565EF66E7DFF9F98796DA', NULL, 0, 7, 13, '14535225509', '山东省青岛市', NULL, '2020/2/21', '513436199807134016', 0.0000, 0, '2020/2/21 12:27:57');
INSERT INTO `Member` VALUES ('100033', '侯智', 0, 4, 'CFCD208495D565EF66E7DFF9F98797DA', NULL, 0, 7, 13, '13105166347', '山东省青岛市', NULL, '2020/2/21', '513436199807134976', 0.0000, 0, '2020/2/21 12:27:57');
INSERT INTO `Member` VALUES ('100034', '熊柏倩', 0, 5, 'CFCD208495D565EF66E7DFF9F98798DA', NULL, 0, 7, 13, '17669751329', '山东省青岛市', NULL, '2020/2/21', '513436200002214976', 0.0000, 0, '2020/2/21 12:27:57');
INSERT INTO `Member` VALUES ('100035', '吴本椿', 0, 6, 'CFCD208495D565EF66E7DFF9F98799DA', NULL, 0, 7, 13, '15554225591', '山东省青岛市', NULL, '2020/2/21', '51343620000221764X', 0.0000, 0, '2020/2/21 12:27:57');
INSERT INTO `Member` VALUES ('100036', '邓奇举', 0, 1, 'CFCD208495D565EF66E7DFF9F98800DA', NULL, 0, 7, 13, '17660617649', '山东省青岛市', NULL, '2020/2/21', '513436200002217024', 0.0000, 0, '2020/2/21 12:27:57');
INSERT INTO `Member` VALUES ('100037', '许郎鸽', 0, 2, 'CFCD208495D565EF66E7DFF9F98801DA', NULL, 0, 7, 13, '17667909757', '山东省青岛市', NULL, '2020/2/21', '513436200002211008', 0.0000, 0, '2020/2/21 12:27:57');
INSERT INTO `Member` VALUES ('100038', '孔升学', 0, 3, 'CFCD208495D565EF66E7DFF9F98802DA', NULL, 0, 7, 13, '17653254130', '山东省青岛市', NULL, '2020/2/21', '51343620000221748X', 0.0000, 0, '2020/2/21 12:27:57');
INSERT INTO `Member` VALUES ('100039', '季亮盼', 0, 4, 'CFCD208495D565EF66E7DFF9F98803DA', NULL, 0, 7, 13, '15610543498', '山东省青岛市', NULL, '2020/2/21', '51343620000221588X', 0.0000, 0, '2020/2/21 12:27:57');
INSERT INTO `Member` VALUES ('100040', '冯莲衣', 0, 5, 'CFCD208495D565EF66E7DFF9F98804DA', NULL, 0, 7, 13, '14535248094', '山东省青岛市', NULL, '2020/2/21', '513436200002219008', 0.0000, 0, '2020/2/21 12:27:57');
INSERT INTO `Member` VALUES ('100041', '田八', 0, 6, 'CFCD208495D565EF66E7DFF9F98805DA', NULL, 0, 7, 13, '15634201271', '山东省青岛市', NULL, '2020/2/21', '51343620000221844X', 0.0000, 0, '2020/2/21 12:27:57');
INSERT INTO `Member` VALUES ('100042', '赖婉壬', 0, 1, 'CFCD208495D565EF66E7DFF9F98806DA', NULL, 0, 7, 13, '18564131968', '山东省青岛市', NULL, '2020/2/21', '513436200002219008', 0.0000, 0, '2020/2/21 12:27:57');
INSERT INTO `Member` VALUES ('100043', '范华奕', 0, 2, 'CFCD208495D565EF66E7DFF9F98807DA', NULL, 0, 7, 13, '14584629453', '山东省青岛市', NULL, '2020/2/21', '513436200002216000', 0.0000, 0, '2020/2/21 12:27:57');
INSERT INTO `Member` VALUES ('100044', '萧馨雷', 0, 3, 'CFCD208495D565EF66E7DFF9F98808DA', NULL, 0, 7, 13, '15621491944', '山东省青岛市', NULL, '2020/2/21', '51343620000221916X', 0.0000, 0, '2020/2/21 12:27:57');
INSERT INTO `Member` VALUES ('100045', '扬周琳', 0, 4, 'CFCD208495D565EF66E7DFF9F98809DA', NULL, 0, 7, 13, '13165047560', '山东省青岛市', NULL, '2020/2/21', '513436200002214976', 0.0000, 0, '2020/2/21 12:27:57');
INSERT INTO `Member` VALUES ('100046', '温星', 0, 5, 'CFCD208495D565EF66E7DFF9F98810DA', NULL, 0, 7, 13, '17605429541', '山东省青岛市', NULL, '2020/2/21', '513436200002211968', 0.0000, 0, '2020/2/21 12:27:57');
INSERT INTO `Member` VALUES ('100047', '周倩馨', 0, 6, 'CFCD208495D565EF66E7DFF9F98811DA', NULL, 0, 7, 13, '13001696042', '山东省青岛市', NULL, '2020/2/21', '513436200002214976', 0.0000, 0, '2020/2/21 12:27:57');
INSERT INTO `Member` VALUES ('100048', '薛珑冬', 0, 1, 'CFCD208495D565EF66E7DFF9F98812DA', NULL, 0, 7, 13, '18562721676', '山东省青岛市', NULL, '2020/2/21', '513436200002216000', 0.0000, 0, '2020/2/21 12:27:57');
INSERT INTO `Member` VALUES ('100049', '朱菱枫', 0, 2, 'CFCD208495D565EF66E7DFF9F98813DA', NULL, 0, 7, 13, '14535225509', '山东省青岛市', NULL, '2020/2/21', '513436199807134016', 0.0000, 0, '2020/2/21 12:27:57');
INSERT INTO `Member` VALUES ('100050', '邱白裳', 0, 3, 'CFCD208495D565EF66E7DFF9F98814DA', NULL, 0, 7, 13, '13105166347', '山东省青岛市', NULL, '2020/2/21', '513436199807134976', 0.0000, 0, '2020/2/21 12:27:57');
INSERT INTO `Member` VALUES ('100051', '白歌旅', 0, 4, 'CFCD208495D565EF66E7DFF9F98815DA', NULL, 0, 7, 13, '17669751329', '山东省青岛市', NULL, '2020/2/21', '513436200002214976', 0.0000, 0, '2020/2/21 12:27:57');
INSERT INTO `Member` VALUES ('100052', '代结', 0, 5, 'CFCD208495D565EF66E7DFF9F98816DA', NULL, 0, 7, 13, '15554225591', '山东省青岛市', NULL, '2020/2/21', '51343620000221764X', 0.0000, 0, '2020/2/21 12:27:57');
INSERT INTO `Member` VALUES ('100053', '严宁', 0, 6, 'CFCD208495D565EF66E7DFF9F98817DA', NULL, 0, 7, 13, '17660617649', '山东省青岛市', NULL, '2020/2/21', '513436200002217024', 0.0000, 0, '2020/2/21 12:27:57');
INSERT INTO `Member` VALUES ('100054', '廖欢晴', 0, 1, 'CFCD208495D565EF66E7DFF9F98818DA', NULL, 0, 7, 13, '17667909757', '山东省青岛市', NULL, '2020/2/21', '513436200002211008', 0.0000, 0, '2020/2/21 12:27:57');
INSERT INTO `Member` VALUES ('100055', '赖然婉', 0, 2, 'CFCD208495D565EF66E7DFF9F98819DA', NULL, 0, 7, 13, '17653254130', '山东省青岛市', NULL, '2020/2/21', '51343620000221748X', 0.0000, 0, '2020/2/21 12:27:57');
INSERT INTO `Member` VALUES ('100056', '沈榆翠', 0, 3, 'CFCD208495D565EF66E7DFF9F98820DA', NULL, 0, 7, 13, '15610543498', '山东省青岛市', NULL, '2020/2/21', '51343620000221588X', 0.0000, 0, '2020/2/21 12:27:57');
INSERT INTO `Member` VALUES ('100057', '田静', 0, 4, 'CFCD208495D565EF66E7DFF9F98821DA', NULL, 0, 7, 13, '14535248094', '山东省青岛市', NULL, '2020/2/21', '513436200002219008', 0.0000, 0, '2020/2/21 12:27:57');
INSERT INTO `Member` VALUES ('100058', '杨妹国', 0, 5, 'CFCD208495D565EF66E7DFF9F98822DA', NULL, 0, 7, 13, '15634201271', '山东省青岛市', NULL, '2020/2/21', '51343620000221844X', 0.0000, 0, '2020/2/21 12:27:57');
INSERT INTO `Member` VALUES ('100059', '叶鸣楼', 0, 6, 'CFCD208495D565EF66E7DFF9F98823DA', NULL, 0, 7, 13, '18564131968', '山东省青岛市', NULL, '2020/2/21', '513436200002219008', 0.0000, 0, '2020/2/21 12:27:57');
INSERT INTO `Member` VALUES ('100060', '陈墨根', 0, 1, 'CFCD208495D565EF66E7DFF9F98824DA', NULL, 0, 7, 13, '14584629453', '山东省青岛市', NULL, '2020/2/21', '513436200002216000', 0.0000, 0, '2020/2/21 12:27:57');
INSERT INTO `Member` VALUES ('100061', '方民', 0, 2, 'CFCD208495D565EF66E7DFF9F98825DA', NULL, 0, 7, 13, '15621491944', '山东省青岛市', NULL, '2020/2/21', '51343620000221916X', 0.0000, 0, '2020/2/21 12:27:57');
INSERT INTO `Member` VALUES ('100062', '陈蕾基', 0, 3, 'CFCD208495D565EF66E7DFF9F98826DA', NULL, 0, 7, 13, '13165047560', '山东省青岛市', NULL, '2020/2/21', '513436200002214976', 0.0000, 0, '2020/2/21 12:27:57');
INSERT INTO `Member` VALUES ('100063', '刘瑶风', 0, 4, 'CFCD208495D565EF66E7DFF9F98827DA', NULL, 0, 7, 13, '17605429541', '山东省青岛市', NULL, '2020/2/21', '513436200002211968', 0.0000, 0, '2020/2/21 12:27:57');
INSERT INTO `Member` VALUES ('100064', '冯婷高', 0, 5, 'CFCD208495D565EF66E7DFF9F98828DA', NULL, 0, 7, 13, '13001696042', '山东省青岛市', NULL, '2020/2/21', '513436200002214976', 0.0000, 0, '2020/2/21 12:27:57');
INSERT INTO `Member` VALUES ('100065', '秦富明', 0, 6, 'CFCD208495D565EF66E7DFF9F98829DA', NULL, 0, 7, 13, '18562721676', '山东省青岛市', NULL, '2020/2/21', '513436200002216000', 0.0000, 0, '2020/2/21 12:27:57');
INSERT INTO `Member` VALUES ('100066', '钱化', 0, 1, 'CFCD208495D565EF66E7DFF9F98830DA', NULL, 0, 7, 13, '14535225509', '山东省青岛市', NULL, '2020/2/21', '513436199807134016', 0.0000, 0, '2020/2/21 12:27:57');
INSERT INTO `Member` VALUES ('100067', '廖地周', 0, 2, 'CFCD208495D565EF66E7DFF9F98831DA', NULL, 0, 7, 13, '13105166347', '山东省青岛市', NULL, '2020/2/21', '513436199807134976', 0.0000, 0, '2020/2/21 12:27:57');
INSERT INTO `Member` VALUES ('100068', '任芒', 0, 3, 'CFCD208495D565EF66E7DFF9F98832DA', NULL, 0, 7, 13, '17669751329', '山东省青岛市', NULL, '2020/2/21', '513436200002214976', 0.0000, 0, '2020/2/21 12:27:57');
INSERT INTO `Member` VALUES ('100069', '吕木雄', 0, 4, 'CFCD208495D565EF66E7DFF9F98833DA', NULL, 0, 7, 13, '15554225591', '山东省青岛市', NULL, '2020/2/21', '51343620000221764X', 0.0000, 0, '2020/2/21 12:27:57');
INSERT INTO `Member` VALUES ('100070', '朱黄', 0, 5, 'CFCD208495D565EF66E7DFF9F98834DA', NULL, 0, 7, 13, '17660617649', '山东省青岛市', NULL, '2020/2/21', '513436200002217024', 0.0000, 0, '2020/2/21 12:27:57');
INSERT INTO `Member` VALUES ('100071', '韩薇', 0, 6, 'CFCD208495D565EF66E7DFF9F98835DA', NULL, 0, 7, 13, '17667909757', '山东省青岛市', NULL, '2020/2/21', '513436200002211008', 0.0000, 0, '2020/2/21 12:27:57');
INSERT INTO `Member` VALUES ('100072', '尹惠祥', 0, 1, 'CFCD208495D565EF66E7DFF9F98836DA', NULL, 0, 7, 13, '17653254130', '山东省青岛市', NULL, '2020/2/21', '51343620000221748X', 0.0000, 0, '2020/2/21 12:27:57');
INSERT INTO `Member` VALUES ('100073', '江继越', 0, 2, 'CFCD208495D565EF66E7DFF9F98837DA', NULL, 0, 7, 13, '15610543498', '山东省青岛市', NULL, '2020/2/21', '51343620000221588X', 0.0000, 0, '2020/2/21 12:27:57');
INSERT INTO `Member` VALUES ('100074', '阎贤衍', 0, 3, 'CFCD208495D565EF66E7DFF9F98838DA', NULL, 0, 7, 13, '14535248094', '山东省青岛市', NULL, '2020/2/21', '513436200002219008', 0.0000, 0, '2020/2/21 12:27:57');
INSERT INTO `Member` VALUES ('100075', '吴夫椿', 0, 4, 'CFCD208495D565EF66E7DFF9F98839DA', NULL, 0, 7, 13, '15634201271', '山东省青岛市', NULL, '2020/2/21', '51343620000221844X', 0.0000, 0, '2020/2/21 12:27:57');
INSERT INTO `Member` VALUES ('100076', '扬棋主', 0, 5, 'CFCD208495D565EF66E7DFF9F98840DA', NULL, 0, 7, 13, '18564131968', '山东省青岛市', NULL, '2020/2/21', '513436200002219008', 0.0000, 0, '2020/2/21 12:27:57');
INSERT INTO `Member` VALUES ('100077', '温进雷', 0, 6, 'CFCD208495D565EF66E7DFF9F98841DA', NULL, 0, 7, 13, '14584629453', '山东省青岛市', NULL, '2020/2/21', '513436200002216000', 0.0000, 0, '2020/2/21 12:27:57');
INSERT INTO `Member` VALUES ('100078', '韩墨', 0, 1, 'CFCD208495D565EF66E7DFF9F98842DA', NULL, 0, 7, 13, '15621491944', '山东省青岛市', NULL, '2020/2/21', '51343620000221916X', 0.0000, 0, '2020/2/21 12:27:57');
INSERT INTO `Member` VALUES ('100079', '刘蕾立', 0, 5, 'CFCD208495D565EF66E7DFF9F98764DA', '换卡：新卡号100079', 0, 5, 1, '17653254130', '北京市朝阳区', '', '2020/2/21 0:00:00', '51343620000221748X', 1010.0000, 0, NULL);
INSERT INTO `Member` VALUES ('100080', '常骏纪', 0, 6, 'CFCD208495D565EF66E7DFF9F98769DA', '换卡：新卡号100080', 0, 5, 1, '15610543498', '山东省青岛市', '', '2020/2/21 0:00:00', '51343620000221588X', 1610.0000, 0, NULL);

-- ----------------------------
-- Table structure for PayDetails
-- ----------------------------
DROP TABLE IF EXISTS `PayDetails`;
CREATE TABLE `PayDetails`  (
  `pdid` int(18) NOT NULL AUTO_INCREMENT COMMENT '流水号',
  `pdpid` varchar(22) CHARACTER SET utf8 COLLATE utf8_bin NULL DEFAULT NULL COMMENT '消费单号',
  `pdiid` int(11) NULL DEFAULT NULL COMMENT '消费项目',
  `pdnum` tinyint(4) NULL DEFAULT NULL COMMENT '消费数量',
  `pbonus` double NULL DEFAULT NULL COMMENT '消费折扣',
  `pmoney` decimal(19, 4) NULL DEFAULT NULL COMMENT '折后单价\r\n',
  PRIMARY KEY (`pdid`) USING BTREE
) ENGINE = InnoDB AUTO_INCREMENT = 88 CHARACTER SET = utf8 COLLATE = utf8_bin ROW_FORMAT = Compact;

-- ----------------------------
-- Records of PayDetails
-- ----------------------------
INSERT INTO `PayDetails` VALUES (49, '20200221153855000001', 5, 1, NULL, 790.0000);
INSERT INTO `PayDetails` VALUES (50, '20200221153953000002', 8, 2, NULL, 1700.0000);
INSERT INTO `PayDetails` VALUES (51, '20200221154038000003', 5, 1, NULL, 790.0000);
INSERT INTO `PayDetails` VALUES (52, '20200221154038000003', 5, 1, NULL, 790.0000);
INSERT INTO `PayDetails` VALUES (53, '20200221154038000003', 4, 1, NULL, 790.0000);
INSERT INTO `PayDetails` VALUES (54, '20200221154502000001', 3, 1, NULL, 790.0000);
INSERT INTO `PayDetails` VALUES (55, '20200221154502000001', 4, 1, NULL, 790.0000);
INSERT INTO `PayDetails` VALUES (56, '20200221154502000001', 3, 1, NULL, 790.0000);
INSERT INTO `PayDetails` VALUES (57, '20200221154502000001', 4, 1, NULL, 790.0000);
INSERT INTO `PayDetails` VALUES (58, '20200221154846000002', 2, 1, NULL, 1100.0000);
INSERT INTO `PayDetails` VALUES (59, '20200221155213000001', 6, 1, NULL, 790.0000);
INSERT INTO `PayDetails` VALUES (60, '20200221161322000002', 1, 1, NULL, 1100.0000);
INSERT INTO `PayDetails` VALUES (61, '20200221163739000002', 7, 1, NULL, 1550.0000);
INSERT INTO `PayDetails` VALUES (62, '20200222112053000001', 4, 2, NULL, 790.0000);
INSERT INTO `PayDetails` VALUES (63, '20200222112053000001', 5, 3, NULL, 790.0000);
INSERT INTO `PayDetails` VALUES (64, '20200222112346000001', 5, 2, NULL, 790.0000);
INSERT INTO `PayDetails` VALUES (65, '20200222112346000001', 7, 1, NULL, 1550.0000);
INSERT INTO `PayDetails` VALUES (66, '20200222120257000001', 7, 1, NULL, 1550.0000);
INSERT INTO `PayDetails` VALUES (67, '20200222120257000001', 8, 1, NULL, 1730.0000);
INSERT INTO `PayDetails` VALUES (68, '20200222120257000001', 9, 1, NULL, 588.0000);
INSERT INTO `PayDetails` VALUES (69, '20200222130351000001', 43, 3, NULL, 9200.0000);
INSERT INTO `PayDetails` VALUES (70, '20200222130351000001', 40, 1, NULL, 2000.0000);
INSERT INTO `PayDetails` VALUES (71, '20200222130351000001', 38, 1, NULL, 3300.0000);
INSERT INTO `PayDetails` VALUES (72, '20200222130351000001', 36, 1, NULL, 3778.0000);
INSERT INTO `PayDetails` VALUES (73, '20200222130351000001', 35, 1, NULL, 900.0000);
INSERT INTO `PayDetails` VALUES (74, '20200222130351000001', 33, 1, NULL, 700.0000);
INSERT INTO `PayDetails` VALUES (75, '20200226075848000001', 1, 2, NULL, 1000.0000);
INSERT INTO `PayDetails` VALUES (76, '20200226075848000001', 5, 2, NULL, 700.0000);
INSERT INTO `PayDetails` VALUES (77, '20200226075848000001', 7, 3, NULL, 1000.0000);
INSERT INTO `PayDetails` VALUES (78, '20200226095949000002', 4, 1, NULL, 790.0000);
INSERT INTO `PayDetails` VALUES (79, '20200226095949000002', 6, 1, NULL, 790.0000);
INSERT INTO `PayDetails` VALUES (80, '20200226095949000002', 7, 1, NULL, 1500.0000);
INSERT INTO `PayDetails` VALUES (81, '20200226170801000001', 5, 1, NULL, 790.0000);
INSERT INTO `PayDetails` VALUES (82, '20200226170801000001', 7, 2, NULL, 1550.0000);
INSERT INTO `PayDetails` VALUES (83, '20200229143703000001', 3, 3, NULL, 790.0000);
INSERT INTO `PayDetails` VALUES (84, '20200229143703000001', 6, 2, NULL, 700.0000);
INSERT INTO `PayDetails` VALUES (85, '20200325143428000002', 1, 10, NULL, 1000.0000);
INSERT INTO `PayDetails` VALUES (86, '20200325143428000002', 19, 30, NULL, 468.0000);
INSERT INTO `PayDetails` VALUES (87, '20200325143428000002', 41, 10, NULL, 4520.0000);

-- ----------------------------
-- Table structure for Pays
-- ----------------------------
DROP TABLE IF EXISTS `Pays`;
CREATE TABLE `Pays`  (
  `pid` varchar(22) CHARACTER SET utf8 COLLATE utf8_bin NOT NULL COMMENT '业务单号',
  `pmid` varchar(20) CHARACTER SET utf8 COLLATE utf8_bin NULL DEFAULT NULL COMMENT '会员卡号/顾客',
  `peid1` int(11) NULL DEFAULT NULL COMMENT '美容项目助理工号',
  `peid2` int(11) NULL DEFAULT NULL COMMENT '美甲项目助理工号',
  `peid3` int(11) NULL DEFAULT NULL COMMENT '美睫项目助理工号',
  `pmoney` decimal(19, 4) NULL DEFAULT NULL COMMENT '消费金额',
  `pcash` decimal(19, 4) NULL DEFAULT NULL COMMENT '实收金额',
  `pzero` decimal(19, 4) NULL DEFAULT NULL COMMENT '找零金额',
  `ptype` tinyint(4) NULL DEFAULT NULL COMMENT '付款方式，0现金，1刷卡',
  `pdate` varchar(20) CHARACTER SET utf8 COLLATE utf8_bin NULL DEFAULT NULL COMMENT '消费时间',
  `premark` text CHARACTER SET utf8 COLLATE utf8_bin NULL COMMENT '备注',
  `pstatus` tinyint(4) NULL DEFAULT NULL COMMENT '结算状态，0挂单，1已结算',
  `proj1` varchar(20) CHARACTER SET utf8 COLLATE utf8_bin NULL DEFAULT NULL COMMENT '美容项目消费金额',
  `proj2` varchar(20) CHARACTER SET utf8 COLLATE utf8_bin NULL DEFAULT NULL COMMENT '美甲项目消费金额',
  `proj3` varchar(20) CHARACTER SET utf8 COLLATE utf8_bin NULL DEFAULT NULL COMMENT '美睫项目消费金额',
  `perf1` varchar(20) CHARACTER SET utf8 COLLATE utf8_bin NULL DEFAULT NULL COMMENT '美容项目提成',
  `perf2` varchar(20) CHARACTER SET utf8 COLLATE utf8_bin NULL DEFAULT NULL COMMENT '美甲项目提成',
  `perf3` varchar(20) CHARACTER SET utf8 COLLATE utf8_bin NULL DEFAULT NULL COMMENT '美睫项目提成'
) ENGINE = InnoDB CHARACTER SET = utf8 COLLATE = utf8_bin ROW_FORMAT = Compact;

-- ----------------------------
-- Records of Pays
-- ----------------------------
INSERT INTO `Pays` VALUES ('20200221153855000001', '100005', 7, 0, 0, 890.0000, 0.0000, 0.0000, 1, '2020/2/21 15:39:27', '', 1, '100', '0', '0', '0.1', '0', '0');
INSERT INTO `Pays` VALUES ('20200221153953000002', '100005', 9, 0, 0, 4400.0000, 0.0000, 0.0000, 1, '2020/2/21 15:40:29', '', 1, '1000', '0', '0', '0', '0', '0');
INSERT INTO `Pays` VALUES ('20200221154846000002', '100000', 5, 0, 0, 2100.0000, 2010.0000, 0.0000, 1, '2020/2/21 15:49:26', '\n[现金+余额]现金：2010.00；刷卡：90.00；', 1, '1000', '0', '0', '0.1', '0', '0');
INSERT INTO `Pays` VALUES ('20200221155213000001', '100001', 5, 0, 0, 1790.0000, 1690.0000, 0.0000, 1, '2020/2/21 15:52:30', '\n[现金+余额]现金：1690.00；刷卡：100.00；', 1, '1000', '0', '0', '0', '0', '0');
INSERT INTO `Pays` VALUES ('20200221161322000002', '100005', 2, 0, 0, 2100.0000, 0.0000, 0.0000, 1, '2020/2/21 16:13:45', '', 1, '1000', '0', '0', '0', '0', '0');
INSERT INTO `Pays` VALUES ('20200221163613000001', '100005', 5, 0, 0, 1000.0000, 0.0000, 0.0000, 1, '2020/2/21 16:36:33', '', 1, '1000', '0', '0', '0', '0', '0');
INSERT INTO `Pays` VALUES ('20200221163739000002', '0', 6, 0, 0, 2550.0000, 2550.0000, 0.0000, 0, '2020/2/21 16:37:52', '', 1, '1000', '0', '0', '0.1', '0', '0');
INSERT INTO `Pays` VALUES ('20200222112053000001', '100015', 1, 1, 1, 15950.0000, 0.0000, 0.0000, 1, '2020/2/22 11:22:20', '', 1, '1000', '10000', '1000', '0.1', '0.2', '0');
INSERT INTO `Pays` VALUES ('20200222112346000001', '100015', 2, 7, 4, 6630.0000, 0.0000, 0.0000, 1, '2020/2/22 11:24:23', '', 1, '2000', '500', '1000', '0.1', '0.1', '0.1');
INSERT INTO `Pays` VALUES ('20200222120257000001', '100015', 5, 6, 10, 9368.0000, 0.0000, 0.0000, 1, '2020/2/22 12:03:38', '', 1, '500', '1000', '4000', '0.1', '0.1', '0.1');
INSERT INTO `Pays` VALUES ('20200222130351000001', '100015', 4, 4, 6, 53278.0000, 0.0000, 0.0000, 1, '2020/2/22 13:06:20', '', 1, '5000', '5000', '5000', '0.04', '0.2', '0.1');
INSERT INTO `Pays` VALUES ('20200226075848000001', '100015', 1, 5, 0, 7550.0000, 0.0000, 0.0000, 1, '2020/2/26 8:00:48', '', 1, '1000', '150', '0', '0.1', '0.1', '0.0');
INSERT INTO `Pays` VALUES ('20200226095922000001', '100015', 2, 0, 0, 100.0000, 0.0000, 0.0000, 1, '2020/2/26 9:59:39', '', 1, '100', '0', '0', '0.1', '0.0', '0.0');
INSERT INTO `Pays` VALUES ('20200226095949000002', '100015', 5, 0, 0, 3200.0000, 0.0000, 0.0000, 1, '2020/2/26 10:00:15', '', 1, '120', '0', '0', '0.0', '0.0', '0.0');
INSERT INTO `Pays` VALUES ('20200226170801000001', '100002', 6, 0, 0, 5390.0000, 7000.0000, 310.0000, 1, '2020/2/26 17:08:25', '\n[现金+余额]现金：6690.00；刷卡：200.00；', 1, '1500', '0', '0', '0.0', '0.0', '0.0');
INSERT INTO `Pays` VALUES ('20200229143703000001', '100015', 4, 0, 0, 4770.0000, 0.0000, 0.0000, 1, '2020/2/29 14:37:45', '', 1, '1000', '0', '0', '0.0', '0.0', '0.0');
INSERT INTO `Pays` VALUES ('20200325143428000002', '100015', 7, 10, 14, 70860.0000, 0.0000, 0.0000, 1, '2020/3/25 14:38:05', '', 1, '1500', '100', '20', '0.01', '0.1', '0.1');
INSERT INTO `Pays` VALUES ('20200325143924000003', '100012', 6, 0, 0, 1000.0000, 1969.0000, 0.0000, 1, '2020/3/25 14:39:53', '\n[现金+余额]现金：1969.00；刷卡：31.00；', 1, '1000', '0', '0', '0.0', '0.0', '0.0');
INSERT INTO `Pays` VALUES ('20200325163604000001', '100015', 9, 0, 0, 1080.0000, 2600.0000, 0.0000, 1, '2020/3/25 16:36:24', '', 1, '1080', '0', '0', '0.05', '0.0', '0.0');
INSERT INTO `Pays` VALUES ('20200325170242000001', '0', 1, 0, 0, 299.0000, 299.0000, 0.0000, 0, '2020/3/25 17:02:55', '', 1, '299', '0', '0', '0.0', '0.0', '0.0');
INSERT INTO `Pays` VALUES ('20200325173155000001', '100009', 4, 0, 0, 6000.0000, 7000.0000, 1100.0000, 1, '2020/3/25 17:32:26', '\n[现金+余额]现金：5900.0000；刷卡：5100；', 1, '6000', '0', '0', '0.01', '0.0', '0.0');
INSERT INTO `Pays` VALUES ('20200327163114000001', '0', 4, 0, 0, 2000.0000, 2000.0000, 0.0000, 0, '2020/3/27 16:31:55', '', 1, '2000', '0', '0', '0.01', '0.0', '0.0');

-- ----------------------------
-- Table structure for Post
-- ----------------------------
DROP TABLE IF EXISTS `Post`;
CREATE TABLE `Post`  (
  `pid` int(11) NOT NULL AUTO_INCREMENT COMMENT '职位编号',
  `pname` varchar(30) CHARACTER SET utf8 COLLATE utf8_bin NULL DEFAULT NULL COMMENT '职位名称',
  `preadme` text CHARACTER SET utf8 COLLATE utf8_bin NULL COMMENT '职位描述',
  `pmode` tinyint(4) NULL DEFAULT NULL COMMENT '结算方式',
  `psort` tinyint(4) NULL DEFAULT NULL COMMENT '排序',
  `psalary` decimal(10, 4) NULL DEFAULT NULL COMMENT '底薪',
  `pbonus` double NULL DEFAULT NULL COMMENT '提成\r\n\r\n',
  PRIMARY KEY (`pid`) USING BTREE
) ENGINE = InnoDB AUTO_INCREMENT = 3 CHARACTER SET = utf8 COLLATE = utf8_bin ROW_FORMAT = Compact;

-- ----------------------------
-- Records of Post
-- ----------------------------
INSERT INTO `Post` VALUES (1, '店长', '123', 2, 1, 9999.0000, 0);
INSERT INTO `Post` VALUES (2, '员工', '12', 2, 2, 1000.0000, 0.1);

-- ----------------------------
-- Table structure for Subject
-- ----------------------------
DROP TABLE IF EXISTS `Subject`;
CREATE TABLE `Subject`  (
  `sid` int(11) NOT NULL AUTO_INCREMENT COMMENT '科目标识',
  `sname` varchar(30) CHARACTER SET utf8 COLLATE utf8_bin NULL DEFAULT NULL COMMENT '科目名称',
  `stype` tinyint(4) NULL DEFAULT NULL COMMENT '类型，0支出，1收入',
  `sreadme` varchar(200) CHARACTER SET utf8 COLLATE utf8_bin NULL DEFAULT NULL COMMENT '说明',
  `senabled` tinyint(4) NULL DEFAULT NULL COMMENT '是否已禁用，0启用，1禁用',
  PRIMARY KEY (`sid`) USING BTREE
) ENGINE = InnoDB AUTO_INCREMENT = 7 CHARACTER SET = utf8 COLLATE = utf8_bin ROW_FORMAT = Compact;

-- ----------------------------
-- Records of Subject
-- ----------------------------
INSERT INTO `Subject` VALUES (1, '退卡', 0, '会员退卡', 0);
INSERT INTO `Subject` VALUES (2, '商品', 1, '商品出售', 0);
INSERT INTO `Subject` VALUES (3, '美容', 1, '美容项目', 0);
INSERT INTO `Subject` VALUES (4, '工资', 0, '', 0);
INSERT INTO `Subject` VALUES (5, '采购', 0, '', 0);
INSERT INTO `Subject` VALUES (6, '销售', 1, '', 0);

-- ----------------------------
-- Table structure for SysConfig
-- ----------------------------
DROP TABLE IF EXISTS `SysConfig`;
CREATE TABLE `SysConfig`  (
  `varindex` int(11) NOT NULL COMMENT '参数索引',
  `varname` varchar(20) CHARACTER SET utf8 COLLATE utf8_bin NULL DEFAULT NULL COMMENT '参数名',
  `vartype` varchar(10) CHARACTER SET utf8 COLLATE utf8_bin NULL DEFAULT NULL COMMENT '参数值类型',
  `varvalue` varchar(20) CHARACTER SET utf8 COLLATE utf8_bin NULL DEFAULT NULL COMMENT '参数值',
  `varinfo` varchar(100) CHARACTER SET utf8 COLLATE utf8_bin NULL DEFAULT NULL COMMENT '参数描述\r\n参数描述',
  PRIMARY KEY (`varindex`) USING BTREE
) ENGINE = InnoDB CHARACTER SET = utf8 COLLATE = utf8_bin ROW_FORMAT = Compact;

-- ----------------------------
-- Records of SysConfig
-- ----------------------------
INSERT INTO `SysConfig` VALUES (0, 'cfg_deposit_money', 'money', '1000', '充值基数金额，最小100元');
INSERT INTO `SysConfig` VALUES (1, 'cfg_deposit_send', 'money', '12', '充值增送金额，权限大于有效时间');
INSERT INTO `SysConfig` VALUES (2, 'cfg_deposit_start', 'datetime', '2020/3/25 00:00:00', '充值增送开始时间');
INSERT INTO `SysConfig` VALUES (3, 'cfg_deposit_finish', 'datetime', '2020/3/28 23:59:59', '充值增送结束时间');

-- ----------------------------
-- Table structure for UserInfo
-- ----------------------------
DROP TABLE IF EXISTS `UserInfo`;
CREATE TABLE `UserInfo`  (
  `UserName` varchar(50) CHARACTER SET utf8 COLLATE utf8_bin NOT NULL COMMENT '系统登陆用户名',
  `UserPassword` varchar(50) CHARACTER SET utf8 COLLATE utf8_bin NULL DEFAULT NULL COMMENT '系统登陆密码',
  `UserType` int(2) NOT NULL COMMENT '系统用户身份：0店长，1员工',
  PRIMARY KEY (`UserName`) USING BTREE
) ENGINE = InnoDB CHARACTER SET = utf8 COLLATE = utf8_bin ROW_FORMAT = Compact;

-- ----------------------------
-- Records of UserInfo
-- ----------------------------
INSERT INTO `UserInfo` VALUES ('POLA', '1', 1);
INSERT INTO `UserInfo` VALUES ('Spencer', '62209', 0);
INSERT INTO `UserInfo` VALUES ('test', '1', 0);

-- ----------------------------
-- Table structure for WasteBook
-- ----------------------------
DROP TABLE IF EXISTS `WasteBook`;
CREATE TABLE `WasteBook`  (
  `wbid` int(18) NOT NULL AUTO_INCREMENT COMMENT '流水号',
  `wbsid` int(11) NULL DEFAULT NULL COMMENT '收支科目',
  `wbincome` decimal(19, 4) NULL DEFAULT NULL COMMENT '收入金额',
  `wbexpend` decimal(19, 4) NULL DEFAULT NULL COMMENT '支出金额',
  `wbdate` datetime(0) NULL DEFAULT NULL COMMENT '交易时间',
  `wbremark` varchar(100) CHARACTER SET utf8 COLLATE utf8_bin NULL DEFAULT NULL COMMENT '摘要',
  `wbtype` char(1) CHARACTER SET utf8 COLLATE utf8_bin NULL DEFAULT NULL COMMENT '收支类型，i收，e支',
  PRIMARY KEY (`wbid`) USING BTREE
) ENGINE = InnoDB AUTO_INCREMENT = 11 CHARACTER SET = utf8 COLLATE = utf8_bin ROW_FORMAT = Compact;

-- ----------------------------
-- Records of WasteBook
-- ----------------------------
INSERT INTO `WasteBook` VALUES (3, 1, 0.0000, 12.0000, '2020-02-22 13:33:30', '', 'e');
INSERT INTO `WasteBook` VALUES (4, 1, 0.0000, 1000.0000, '2020-02-22 13:32:41', '', 'e');
INSERT INTO `WasteBook` VALUES (5, 3, 1000.0000, 0.0000, '2020-02-22 13:32:40', '', 'i');
INSERT INTO `WasteBook` VALUES (6, 2, 10000.0000, 0.0000, '2020-02-22 13:33:06', '', 'i');
INSERT INTO `WasteBook` VALUES (7, 1, 0.0000, 11900.0000, '2020-02-27 07:45:22', '会员卡号【100002】覃花梧', 'e');
INSERT INTO `WasteBook` VALUES (8, 4, 0.0000, 100000.0000, '2020-02-27 19:32:17', '', 'e');
INSERT INTO `WasteBook` VALUES (9, 5, 0.0000, 1000.0000, '2020-03-25 14:47:15', '发尽快发货的空间', 'e');
INSERT INTO `WasteBook` VALUES (10, 6, 10000.0000, 0.0000, '2020-03-25 14:48:02', '', 'i');

SET FOREIGN_KEY_CHECKS = 1;
